x1,x2,x3,x4,x5,x6,x7,x8,x9,x10,x11,x12,x13,x14,x15,x16,x17,x18,x19,x20,x21,x22,x23,x24,x25,x26,x27,x28,x29,x30,x31,x32,x33,x34,x35,x36,x37,x38,x39,x40,x41,x42,x43,x44,x45,x46,x47,x48,x49,x50,x51,x52,x53,x54,x55,x56,x57,x58,x59,x60,x61,x62,x63,x64,x65,x66,x67,x68,x69,x70,x71,x72,x73,x74,x75,x76,x77,x78,x79,x80,x81,x82,x83,x84,x85,x86,x87,x88,x89,x90,x91,x92,x93,x94,x95,x96,x97,x98,x99,x100,x101,x102,x103,x104,x105,x106,x107,x108,x109,x110,x111,x112,x113,x114,x115,x116,x117,x118,x119,x120,x121,x122,x123,x124,x125,x126,x127,x128,x129,x130,x131,x132,x133,x134,x135,x136,x137,x138,x139,x140,x141,x142,x143,x144,x145
36.409355629467605,31.327803698225104,21.147122993620602,4.248351140685879,0.0,0.0,0.0,0.0,15.4340903876585,44.175418986473396,23.9359116627883,0.0,0.0,0.0,0.0,0.0,0.0,0.0,0.0,0.0,0.0,0.0,0.0,0.0,0.0,0.0,0.0,0.0,0.0,0.0,0.0,0.0,0.0,0.0,0.0,0.0,0.0,8.484601936799839,24.138865358956,43.639657094669296,69.6835799054204,67.4105811926429,51.6800807759914,43.3012387574057,28.8292548355628,31.2011017744938,29.3163292990443,13.8079155585691,0.0,0.0,0.0,0.0,0.0,0.0,0.0,0.0,0.0,0.0,0.0,0.0,0.0,0.0,0.0,0.0,0.0,0.0,0.0,0.0,0.0,0.0,0.0,0.0,0.0,0.0,0.0,0.0,0.0,0.0,0.0,0.0,0.0,0.0,0.0,0.0,0.0,0.0,0.0,0.0,0.0,0.0,0.0,0.0,0.0,0.0,0.0,0.0,0.0,0.0,0.0,0.0,0.0,0.0,0.0,0.0,0.0,0.0,0.0,0.0,0.0,0.0,0.0,0.0,0.0,0.0,0.0,0.0,0.0,0.0,0.0,0.0,0.0,0.0,0.0,0.0,0.0,0.0,0.0,0.0,0.0,0.0,0.0,0.0,0.0,0.0,0.0,0.0,0.0,0.0,0.0,0.0,0.0,0.0,8.10822006311513,19.2688850330338,30.525314731737105
32.795769167163,13.182248534224,0.0,0.0,0.0,0.0,0.0,0.0,0.0,0.0,0.0,0.0,0.0,0.0,0.0,0.0,0.0,0.0,0.0,0.0,0.0,0.0,0.0,0.0,0.0,0.0,0.0,0.0,0.0,0.0,0.0,0.0,0.0,0.0,0.0,0.0,0.0,0.0,0.0,0.0,0.0,0.0,0.0,0.0,0.0,0.0,0.0,0.0,0.0,0.0,0.0,0.0,0.0,0.0,0.0,0.0,0.0,0.0,0.0,0.0,0.0,0.0,0.0,0.0,0.0,0.0,0.0,0.0,0.0,0.0,0.0,0.0,0.0,0.0,0.0,0.0,0.0,0.0,0.0,0.0,0.0,0.0,0.0,0.0,0.0,0.0,0.0,0.0,0.0,0.0,0.0,0.0,0.0,0.0,0.0,0.0,0.0,0.0,0.0,0.0,0.0,0.0,0.0,0.0,52.2933971547643,135.569831266601,152.361801061406,149.826123357486,116.61253502521299,118.703276665,75.193117234938,80.6600216746244,97.8196583549655,110.71050231499599,126.05164823703501,129.593730492021,102.798777061595,84.71100726716479,79.99805679439359,57.7477528782846,46.519092011150796,23.3936791167886,0.268266222426434,0.0,0.0,0.0,0.0,21.952691313832602,46.448325254846,42.178807983530795,44.029897392228406,36.977759887607895,47.5575122145733,36.1465145343118,29.755444889783398,,,,,,,,,,
48.7815298795638,43.533266574257205,37.3564118004991,30.667019615413103,27.866262109874,25.23387049962,17.6283901514975,3.51212524422825,0.0,0.0,0.0,0.0,0.0,0.0,0.0,0.0,0.0,0.0,0.0,0.0,0.0,0.0,10.1878402761596,27.188835257712,71.8041527674873,103.43489944363199,108.991665104121,148.001444477061,131.608224241543,93.1370920508441,60.417045474831,47.8232629416954,46.0322467181795,64.0865131489933,23.3436425219258,0.0,0.0,0.0,0.0,0.0,0.0,0.0,0.0,10.9195590407065,43.5981801231717,63.92996702979279,95.2624672732111,124.922164369795,97.99604432030941,73.9441954885546,35.560619461908395,26.706080836338398,12.777667715113099,7.07357921687814,2.19154586104478,0.0,0.0,0.0,0.0,0.0,0.0,0.0,0.0,0.0,0.0,0.0,0.0,0.0,0.0,0.0,0.0,0.0,0.0,0.0,0.0,0.0,0.0,0.0,0.0,0.0,0.0,0.0,0.0,0.0,0.0,0.0,2.64651807530736,15.1951981136058,26.6943197024474,27.3284341431435,23.397925849644498,,,,,,,,,,,,,,,,,,,,,,,,,,,,,,,,,,,,,,,,,,,,,,,,,,,,,,
55.0630247821863,38.670446784530895,1.54088040410116,0.0,0.0,0.0,0.0,0.0,0.0,0.0,0.0,0.0,0.0,0.0,0.0,0.0,0.0,0.0,0.0,0.0,0.0,0.0,0.0,0.0,0.0,0.0,0.0,0.0,0.0,0.0,0.0,0.0,19.3988240238013,40.3774319639422,63.5083550520507,86.6392781401592,89.37431382685841,27.5578020721452,0.0,0.0,0.0,0.0,0.0,0.0,0.0,0.0,0.0,0.0,0.0,0.0,0.0,0.0,0.0,0.0,0.0,0.0,0.0,0.0,0.0,0.0,0.0,0.0,0.0,0.0,0.0,0.0,0.0,0.0,28.9600427450071,79.3604097775895,111.803540869461,142.019299707929,,,,,,,,,,,,,,,,,,,,,,,,,,,,,,,,,,,,,,,,,,,,,,,,,,,,,,,,,,,,,,,,,,,,,,,,,
48.968498537810895,71.1172791789325,87.47698817929171,81.0230650143528,88.60306962716558,88.4996291750317,56.0308487631191,58.52374692978871,48.0651665888649,31.727452958382603,20.3084821329789,6.81133966196751,0.0,0.0,0.0,0.0,0.0,0.0,0.0,0.0,0.0,7.11713263643641,20.248387341264998,34.046172302554005,38.1678431885358,67.30376699420471,95.9355365193234,103.88815253783702,62.308940294539795,87.5431386930028,68.188628298185,54.14509793248939,36.5712371510635,14.2294923604274,4.3875417585351,0.0,0.0,0.0,0.0,0.0,0.0,0.0,0.0,0.0,0.0,0.0,0.0,0.0,0.0,0.0,0.0,0.0,0.0,0.0,0.0,0.0,0.0,0.0,0.0,0.0,0.0,0.0,0.0,0.0,0.0,0.0,0.0,0.0,0.0,0.0,0.0,0.0,0.0,0.0,0.0,0.0,0.0,0.0,0.0,0.0,0.0,0.0,0.0,0.0,0.0,0.0,0.0,0.0,0.0,0.0,0.0,0.0,0.0,0.0,0.0,0.0,5.955806337885179,24.9627162232259,32.4551931618984,17.4023271917406,0.0,0.0,0.0,0.0,0.0,5.8719661981624105,20.1312464170315,29.1398578484491,40.764098384042,59.3254423848096,56.8202947394742,65.1230028236215,61.6573019844831,78.0335622628461,104.30161536851601,96.3725130680381,97.8232233480717,93.14546468829799,66.5583288257474,50.3011926060581,47.66448353797811,72.0399181511989,67.8547006265001,57.8111946259811,66.30564832601439,70.90822054688729,82.124404266173,87.87288435496409,75.7112550811879,,,,,,,,,,,,,,,,
41.9121027437139,36.376397407565,28.594606755443696,23.3519402026185,17.693719326419497,6.58062458135134,0.0,0.0,0.0,0.0,0.0,0.0,11.758274878401899,35.762128203572395,29.0240256623731,12.277284078414901,0.0,0.0,0.0,0.0,0.0,0.0,0.0,0.50771573123686,19.5948565098623,25.6334668554885,10.975530448876901,1.7415333232493502,0.0,0.0,0.0,0.0,0.0,0.0,0.0,0.0,0.0,0.0,0.0,0.0,0.0,0.0,0.0,0.0,0.0,0.0,0.0,0.0,0.0,0.0,0.0,0.0,0.0,0.0,0.0,0.0,0.0,0.0,0.0,0.0,0.0,0.0,0.0,0.0,0.0,0.0,0.0,0.0,0.0,0.0,11.3190507183984,32.7871449504727,23.3510473616613,21.0877498531719,,,,,,,,,,,,,,,,,,,,,,,,,,,,,,,,,,,,,,,,,,,,,,,,,,,,,,,,,,,,,,,,,,,,,,,
20.4255669442458,4.0069687178472995,0.0,0.0,0.0,0.0,0.0,0.0,0.0,0.0,0.0,0.0,0.0,0.0,0.0,0.0,0.0,0.0,0.0,0.0,0.0,0.0,0.0,0.0,0.0,0.0,0.0,0.0,0.0,13.098211633292301,34.8343707946274,39.0916490893814,41.7720658647684,44.452482640155495,47.1328994155425,62.675259076924,67.6152411458621,67.8558718649662,57.7552779854836,52.354632594683196,45.2503180857728,34.902336619767496,34.4336523589225,,,,,,,,,,,,,,,,,,,,,,,,,,,,,,,,,,,,,,,,,,,,,,,,,,,,,,,,,,,,,,,,,,,,,,,,,,,,,,,,,,,,,,,,,,,,,,,,,,,,,,
37.9419121324867,45.7010317354599,51.087561025899,25.3587920815724,19.716435421105,18.115426676689,20.7232532800158,23.3310798833425,25.938906486669303,24.3466021241831,11.467186865026697,0.0,0.0,0.0,0.0,0.0,0.0,0.0,0.0,0.0,0.0,0.0,0.0,0.0,0.0,0.0,31.156063895619102,71.3359952762314,90.9763306310862,66.5747506536795,63.7037789650824,57.1224708731589,56.5286713070767,26.380218015110103,27.6914126404989,,,,,,,,,,,,,,,,,,,,,,,,,,,,,,,,,,,,,,,,,,,,,,,,,,,,,,,,,,,,,,,,,,,,,,,,,,,,,,,,,,,,,,,,,,,,,,,,,,,,,,,,,,,,,,
12.1395551780634,4.868620208179871,0.0,0.0,10.035553665473401,25.533294948491303,28.909414473470697,31.7988464486491,33.1662343299835,32.491574540318105,31.8169147506528,31.142254960987398,20.7048799533122,2.41434946612589,0.0,0.0,0.0,0.0,0.0,0.0,0.0,0.0,0.0,0.0,0.0,0.0,0.0,0.0,0.0,0.0,0.0,0.0,0.0,0.0,0.0,0.0,0.0,0.0,0.0,0.0,0.0,0.0,0.0,0.0,0.0,0.0,0.0,0.0,0.0,0.0215981448213497,10.8204233900014,22.8214109172258,32.832530631648,27.542758862754997,34.7903559185283,,,,,,,,,,,,,,,,,,,,,,,,,,,,,,,,,,,,,,,,,,,,,,,,,,,,,,,,,,,,,,,,,,,,,,,,,,,,,,,,,,,,,,,,,,
29.2872733178089,30.037716937610803,25.989380014429397,5.015829579093809,0.0,0.0,0.0,0.0,0.0,0.0,0.0,0.0,0.0,0.0,0.0,0.0,0.0,0.0,0.0,0.0,0.0,0.0,0.0,0.0,0.0,0.0,0.0,0.0,0.0,0.0,0.0,0.0,0.0,0.0,0.0,0.0,0.0,0.0,0.0,0.0,0.0,0.0,0.0,15.060302957290098,34.079170267507,55.8314725439156,65.14538969174771,58.055548669996604,57.1511527633877,44.682155802901896,31.332844905700398,30.2214364246731,,,,,,,,,,,,,,,,,,,,,,,,,,,,,,,,,,,,,,,,,,,,,,,,,,,,,,,,,,,,,,,,,,,,,,,,,,,,,,,,,,,,,,,,,,,,,
10.747433530737698,2.18169709565956,0.0,0.0,0.0,0.0,0.0,0.0,0.0,0.0,0.0,0.0,0.0,0.0,0.0,0.0,0.0,0.0,0.0,0.0,0.0,0.0,0.0,0.0,0.0,0.0,0.0,0.0,8.515303006333129,24.4795017145438,43.1177544710306,69.9443091136287,66.93295861659061,61.137093572153304,39.9879105203782,44.926307313227205,39.2316845840552,,,,,,,,,,,,,,,,,,,,,,,,,,,,,,,,,,,,,,,,,,,,,,,,,,,,,,,,,,,,,,,,,,,,,,,,,,,,,,,,,,,,,,,,,,,,,,,,,,,,,,,,,,,,
14.1788816102966,21.4538131206258,23.4228195509925,30.4257961311323,40.0935840413181,24.8058327561657,5.87947715993675,0.0,0.0,0.0,0.0,0.0,0.0,0.0,0.0,0.0,0.0,0.0,0.0,0.0,0.0,12.646965823905301,29.511834336360803,34.026716220562804,33.427494281943304,78.4370051042008,94.9929784391069,83.6915296113179,73.8815672723452,53.2897402539227,49.675924959221604,41.9498049413789,57.3427908182269,59.719329037614095,64.367125962519,62.666005900605604,51.5272079924455,35.6786820923983,42.405577081424,34.142848847139504,32.048072751903895,28.6344332057098,17.566047859366698,1.31773917326243,0.0,0.0,0.0,0.0,0.0,0.0,0.0,0.0,0.0,0.0,0.0,0.0,0.0,0.0,0.0,0.0,0.0,0.0,0.0,0.0,0.0,0.0,0.0,0.0,0.0,0.0,0.0,0.0,0.0,0.0,0.0,0.0,0.0,0.0,0.0,0.0,0.0,0.0,0.0,0.0,0.0,0.0,0.0,0.0,0.0,0.0,0.0,0.0,0.0,0.0,0.0,0.0,0.0,0.0,0.0,0.0,0.0,0.0,0.0,0.0,0.0,0.0,0.0,0.0,0.0,0.0,0.0,0.0,0.0,0.0,0.0,0.0,0.0,0.0,0.0,0.0,0.0,0.0,0.0,0.0,0.0,0.0,0.0,0.0,0.0,11.7126376359132,34.1313196934978,,,,,,,,,,,,,,
71.4263432834242,107.66793903034299,96.1384079479713,90.4664247064594,88.1108811469555,73.92916094768779,82.65970075958009,77.5484403389381,70.8730254132076,49.2898696257446,25.9371058485505,13.720263347405,3.61697800319426,0.0,0.0,0.0,0.0,0.0,0.0,0.0,0.0,0.0,0.0,0.0,0.0,0.0,0.0,0.0,0.0,0.0,0.0,0.0,0.0,0.0,0.0,0.0,0.0,0.0,4.451651194188731,18.9003670080203,,,,,,,,,,,,,,,,,,,,,,,,,,,,,,,,,,,,,,,,,,,,,,,,,,,,,,,,,,,,,,,,,,,,,,,,,,,,,,,,,,,,,,,,,,,,,,,,,,,,,,,,,
39.1028745714536,62.9256358088103,84.9302576650375,87.1209683968672,92.21210218277099,110.888486759157,99.13558963086969,82.6061649166202,62.34355455868771,39.1209907275045,24.4192610031318,10.268645007871699,0.0,0.0,0.0,0.0,0.0,0.0,0.0,0.0,0.0,0.0,0.0,0.0,0.0,0.0,0.0,0.0,0.0,0.0,0.0,0.0,0.0,0.0,0.0,0.0,0.0,0.0,1.04742468267343,14.545148452471599,20.4736351457768,17.795147117870602,,,,,,,,,,,,,,,,,,,,,,,,,,,,,,,,,,,,,,,,,,,,,,,,,,,,,,,,,,,,,,,,,,,,,,,,,,,,,,,,,,,,,,,,,,,,,,,,,,,,,,,
199.486818305876,197.043082205587,177.85275340942502,191.41697198637502,167.316199395612,140.594237330065,108.73747951438699,83.1748661729026,50.632576059059,8.50371583586833,0.0,0.0,0.0,0.0,0.0,9.856048940503369,22.9991989852141,35.560767326541296,47.74713228555839,58.50859105896689,49.570440121402505,48.307362700911504,36.9000930909155,19.540056908876604,0.0,0.0,5.685269654573519,23.1703414531251,27.408498201470398,38.576887021769096,55.383915298004,78.6342508434192,77.16702155701121,64.4099207897054,50.8636359268754,47.5881378862274,39.212060763201706,32.2661880833595,28.490508995033498,26.544589047110897,21.779526620973897,5.00991899795683,0.0,0.0,0.0,0.0,0.0,0.0,0.0,0.0,0.0,0.0,0.0,0.0,0.0,0.0,0.0,0.0,0.0,0.0,0.0,0.0,0.0,0.0,0.0,0.0,0.0,0.0,0.0,0.0,0.0,0.0,0.0,0.0,0.0,0.0,0.0,0.0,0.0,0.0,0.0,0.0,0.0,0.0,0.0,0.0,0.0,0.0,0.0,0.0,0.0,0.0,0.0,0.0,0.0,0.0,0.0,0.0,0.0,0.0,0.0,0.0,0.0,0.0,0.0,0.0,0.0,0.0,0.0,0.0,0.0,0.0,0.0,0.0,0.0,0.0,0.0,8.19014326764733,27.837846869250804,44.81177392708071,54.9947488432614,53.6553744025416,50.012570414367296,37.696691904095395,32.5393385070033,,,,,,,,,,,,,,,,,,,,
23.8875977048406,38.0262862509187,49.3618346566445,67.6499158391597,88.75934064986549,93.70573811939259,76.3969388038392,102.15292384563801,67.06640124202329,68.28122492418339,59.5019330087361,29.3255248577978,14.869628189961,3.06318377019764,0.0,0.0,0.0,0.0,0.0,0.0,0.0,0.0,0.0,0.0,0.0,0.0,0.0,0.0,0.0,0.0,0.0,0.0,0.0,12.938112440774699,29.5864513798734,36.6322642307059,28.152430935855698,22.996462375149196,20.5914979336964,,,,,,,,,,,,,,,,,,,,,,,,,,,,,,,,,,,,,,,,,,,,,,,,,,,,,,,,,,,,,,,,,,,,,,,,,,,,,,,,,,,,,,,,,,,,,,,,,,,,,,,,,,
26.763347486216198,27.7711438599436,50.6355250091461,37.414061195832204,30.058621697508396,36.5870276351608,35.398478122701995,22.8128037704314,6.42606249247033,0.0,0.0,0.0,0.0,0.0,0.0,0.0,0.0,0.0,0.0,0.0,0.0,0.0,0.0,0.0,0.0,0.0,0.0,0.0,0.0,0.0,0.0,0.0,0.0,0.0,0.0,0.0,0.0,0.0,0.0,0.0,0.0,0.0,0.0,0.0,0.0,0.0,0.0,0.0,0.0,0.0,0.0,0.0,0.0,0.0,0.0,0.0,0.0,0.0,0.0,0.0,0.0,0.0,0.0,0.0,0.0,0.0,0.0,0.0,0.0,0.0,0.0,0.0,0.0,0.0,0.0,0.0,0.0,0.0,0.0,0.0,0.0,0.0,0.0,0.0,0.0,0.0,0.0,0.0,0.0,0.0,0.0,0.0,0.0,0.0,0.0,0.0,0.0,0.0,0.0,0.0,0.0,0.0,0.0,0.0,0.0,0.0,3.8267934607294305,16.8187787195983,28.611243262896103,35.837116215021894,45.262599203807405,50.067246646711105,58.4829748562254,64.6326702871205,81.1750195087725,82.85975091581409,90.86928432592909,,,,,,,,,,,,,,,,,,,,,,,,,,,,
33.2955493224768,35.5620097652849,33.3978383328973,41.175085487965205,39.9132955404909,19.4068433662272,0.0,0.0,0.0,0.0,0.0,0.0,0.0,0.0,0.0,0.0,0.0,0.0,0.0,0.0,0.0,8.44607610062997,30.091578857765604,,,,,,,,,,,,,,,,,,,,,,,,,,,,,,,,,,,,,,,,,,,,,,,,,,,,,,,,,,,,,,,,,,,,,,,,,,,,,,,,,,,,,,,,,,,,,,,,,,,,,,,,,,,,,,,,,,,,,,,,,,
32.5331740219642,55.85769231598061,51.194156221176904,61.62898400309871,63.987078812071104,90.71670695230179,92.5621766847016,89.2675730559385,87.54723486768499,85.8268966794315,80.54336409856771,65.03357197225229,47.5880188169695,33.169555326715304,29.3871369274999,26.317636005494197,23.2481350834885,10.4608800438309,0.0,0.0,0.0,0.0,0.0,0.0,0.0,0.0,0.0,0.0,0.0,0.0,0.0,0.0,0.0,0.0,0.0,0.0,0.0,0.0,0.0,0.0,0.0,0.0,0.0,0.0,0.0,0.0,0.0,0.0,0.0,0.0,0.0,0.0,0.0,0.0,0.0,0.0,0.0,0.0,0.0,0.0,13.6959353749562,29.5180618344928,28.2576515646948,30.065166717012,32.2602949573285,39.461297145916795,22.9760826144847,,,,,,,,,,,,,,,,,,,,,,,,,,,,,,,,,,,,,,,,,,,,,,,,,,,,,,,,,,,,,,,,,,,,,,,,,,,,,,
56.286445833178504,63.7657844166897,38.261089550133,48.003662271584794,54.163699442945,51.0342993567095,61.1958389367641,65.1251416604799,61.485027205945904,56.709048964478704,38.4527926887029,20.4827709908986,18.71485961,11.604897358850698,0.870555971034378,0.0,0.0,0.0,0.0,0.0,0.0,0.0,0.0,0.0,0.0,0.0,0.0,0.0,0.0,0.0,0.0,0.0,0.0,0.0,0.0,0.0,0.0,0.0,0.0,17.763681484328302,37.721726493045004,46.945832342059205,,,,,,,,,,,,,,,,,,,,,,,,,,,,,,,,,,,,,,,,,,,,,,,,,,,,,,,,,,,,,,,,,,,,,,,,,,,,,,,,,,,,,,,,,,,,,,,,,,,,,,,
15.553524636040098,4.179415753509479,0.0,0.0,0.0,0.0,0.0,0.0,0.0,0.0,0.0,0.0,0.0,2.55260192378353,12.8308243063908,12.583459958101301,4.28822198112827,0.0,0.0,0.0,0.0,0.0,0.0,0.0,0.0,0.0,0.0,0.0,0.0,0.0,0.0,0.0,0.0,0.0,0.0,0.0,0.0,0.0,0.0,0.0,0.0,0.0,0.0,0.0,0.0,0.0,0.0,0.0,0.0,0.0,0.0,0.0,0.0,0.0,0.0,0.0,0.0,0.0,0.0,0.0,0.0,0.0,0.0,0.0,0.0,0.0,0.0,0.0,0.0,0.0,0.0,0.0,0.0,0.0,0.0,0.0,0.0,0.0,0.0,0.0,0.0,0.0,0.0,0.0,0.0,0.0,0.0,0.0,0.0,0.0,0.0,0.0,0.0,0.0,0.0,0.0,0.0,0.0,0.0,0.0,0.0,0.0,0.0,0.0,0.0,0.0,0.0,0.0,0.0,0.0,0.0,0.0,0.0,0.0,0.0,0.0,0.0,0.0,0.0,0.0,0.0,0.0,0.0,30.0051227551896,58.14151659134829,53.9001728281371,57.064610859031895,60.6813143956067,43.0470190289816,55.059370377351705,32.6909256158755,37.7382998224833,,,,,,,,,,,,,
28.522196402587298,52.647405349615795,71.9674957877207,106.72194735405,150.027370919993,164.011552585205,173.313835221096,177.90955869253602,170.042304080643,164.25473662457898,160.399732986828,142.73918871162599,109.86217484038099,74.5835452594488,35.496383898573896,0.0,0.0,0.0,0.0,0.0,0.0,0.0,0.0,0.0,0.0,0.0,0.0,0.0,0.0,0.0,0.0,0.0,0.0,0.0,0.0,0.0,0.0,0.0,0.0,0.0,0.0,0.0,0.0,0.0,0.0,0.0,0.0,0.0,0.0,0.0,0.0,0.0,0.0,0.0,0.0,0.0,0.0,0.0,0.0,0.0,0.0,0.0,0.0,0.0,0.0,0.0,0.0,0.0,0.0,0.0,0.0,0.0,0.0,0.0,0.0,0.0,0.0,0.0,0.0,0.0,0.0,0.0,0.0,0.0,0.0,0.0,0.0,0.0,0.0,0.0,0.0,0.0,0.0,0.0,0.0,0.0,0.0,0.0,0.0,0.0,0.0,0.0,0.0,0.0,0.0,0.0,0.0,0.0,0.0,0.0,0.0,0.0,0.0,0.0,0.0,0.0,0.0,0.0,0.0,0.0,0.0,0.0,10.0626073707044,25.498410297386197,32.220594060068,35.42755161395,29.896184099207698,35.8156646438678,29.661901195570998,30.852325028102797,42.1419634930332,,,,,,,,,,,,,,
36.9614847469629,36.6266060057691,43.19395655662171,53.3069395202874,55.2274883428125,32.613615729313004,25.4416278510086,28.303936937920398,31.2190085260053,34.1340801140903,35.867733312115796,36.698072885078204,37.5284124580406,53.2329361232349,58.3926781098112,48.7210916405929,35.019613135263704,10.786264150706598,0.0,0.0,0.0,0.0,0.0,0.0,0.0,0.0,0.0,0.0,0.0,0.0,0.0,0.0,0.0,0.0,0.0,0.0,0.0,0.0,0.0,0.0,0.0,0.0,0.0,0.0,0.0,0.0,0.0,0.0,0.0,0.0,0.0,0.0,0.0,0.0,0.0,0.0,0.0,0.0,0.0,0.0,0.0,0.0,0.0,0.0,0.0,0.0,0.0,0.0,0.0,0.0,0.0,0.0,0.0,0.0,0.0,0.0,0.0,0.0,0.0,0.0,0.0,0.0,0.0,0.0,0.0,0.0,0.0,0.0,1.81899160373291,5.81589805996079,6.96539588471316,1.88690958527444,0.0,0.0,0.0,0.0,0.0,0.0,10.48238808394,24.5585946010047,32.487096763577696,40.7892222099499,36.3476547428264,39.992687963647704,21.0710425079438,37.4637059180052,37.8750049649815,33.169209574612005,42.0155976428707,52.698256708808096,52.301461742986,55.291974287043,45.7585421258154,41.894946507269,37.9574361487623,39.6888008505865,41.4201655524107,22.292103590397602,19.2674382833839,18.248087193222002,6.150439187959731,0.0,0.0,0.0,0.0,0.0,0.0,0.0,10.8452014735728,25.8519673578305,52.961840817097304,,,,,,,,,,,,,,
31.8833357086848,31.902077676075695,31.9208196434667,32.5911083406223,28.4377232054006,25.5768848503547,9.5145299160626,0.0,0.0,11.578178034334199,27.5900346777,49.2345376358115,43.342135068256,30.456314624988103,34.8624223930904,10.7378483997793,0.0,0.0,0.0,0.0,0.0,0.0,0.0,0.0,0.0,0.0,0.0,0.0,0.0,0.0,0.0,0.0,0.0,0.0,0.0,0.0,0.0,0.0,0.0,0.0,10.0542471298085,27.5673026119914,29.233481915349497,29.1259949264191,36.7624490505081,,,,,,,,,,,,,,,,,,,,,,,,,,,,,,,,,,,,,,,,,,,,,,,,,,,,,,,,,,,,,,,,,,,,,,,,,,,,,,,,,,,,,,,,,,,,,,,,,,,,
33.5188455335455,39.9489458058595,46.3790460781735,30.9973126856598,1.9668103328205002,0.0,0.0,0.0,0.0,0.0,0.0,0.0,0.0,1.6589995859952,21.7315913404849,43.235511721055005,49.20096175913879,58.8215403726045,51.8297676863466,36.8207312257099,41.524837557133104,39.1284550771074,24.207952770693602,0.8231479141751271,0.0,0.0,0.0,0.0,0.0,0.0,0.0,0.0,2.7762012183186204,21.0226809194338,30.111435455044997,28.7103576694098,27.3092798837745,44.7214459644185,37.5425446134776,26.6081598169518,16.8768219596009,27.2303899707672,23.463882052473604,,,,,,,,,,,,,,,,,,,,,,,,,,,,,,,,,,,,,,,,,,,,,,,,,,,,,,,,,,,,,,,,,,,,,,,,,,,,,,,,,,,,,,,,,,,,,,,,,,,,,,
47.4647185183389,60.1546275718441,73.24030275280359,89.0509357278353,85.6011327204345,74.1367207086816,60.5920003490634,60.5203061404761,48.46389014401029,16.515641937791,0.0,0.0,0.0,0.0,0.0,0.0,0.0,0.0,0.499061650244791,20.7862539900606,27.4837652200485,22.429973759590997,32.5841893519188,58.2711855964293,83.35462678497741,89.6991685590645,66.91301035290161,60.6956659524601,46.7309523948728,30.4057402388813,15.2773767785496,0.149013318217936,0.0,0.0,0.0,0.0,0.0,0.0,0.0,0.0,0.0,0.0,0.0,0.0,0.0,0.0,0.0,0.0,0.0,0.0,0.0,0.0,0.0,0.0,0.0,0.0,0.0,0.0,0.0,0.0,0.0,0.0,0.0,0.0,0.0,0.0,0.0,0.0,0.0,0.0,0.0,0.0,0.0,0.0,0.0,0.0,0.0,0.0,0.0,0.0,0.0,0.0,0.0,0.0,0.0,0.0,0.0,0.0,6.89816397185554,28.884311883873803,41.0456075193445,41.032235444657104,40.020092018851706,34.3820465670558,35.8352888040146,34.0241900383239,,,,,,,,,,,,,,,,,,,,,,,,,,,,,,,,,,,,,,,,,,,,,,,,,
25.6779312307831,47.048081464088106,52.65776166917729,68.31170946247721,41.679068645046,48.990549380798996,27.528085751947604,19.523347562714,13.2449570430179,3.6873329921917497,0.0,0.0,0.0,0.0,8.62775361370852,30.3082511905154,42.1747848437494,55.81744394598821,89.17829630972571,86.055002298917,65.9623600653142,44.17721044205089,36.1775950767181,33.1993074975168,41.2987483631965,11.921345953240499,0.0,0.0,1.16449669168713,19.0111851111242,36.8578735305614,33.2208313586463,30.537253781125802,22.060222093805297,3.9431728852270402,0.0,0.0,0.0,0.0,0.0,0.0,0.0,0.0,0.0,0.0,0.0,0.0,0.0,0.0,0.0,0.0,0.0,0.0,0.0,0.0,0.0,0.0,0.0,0.0,0.0,0.0,0.0,0.0,0.0,0.0,0.0,0.0,0.0,0.0,0.0,0.0,0.0,0.0,0.0,0.0,0.0,0.0,0.0,0.0,0.0,0.0,0.0,0.0,1.7973893707858,14.5403168094416,20.7913511634068,,,,,,,,,,,,,,,,,,,,,,,,,,,,,,,,,,,,,,,,,,,,,,,,,,,,,,,,,,,
39.007934268953,39.9108474010172,35.2956618358997,33.049316520668896,29.1587193128284,29.8601010943581,9.02698265432718,0.0,0.0,0.0,0.0,0.0,0.0,0.0,0.0,0.0,0.0,0.0,0.0,0.0,0.0,0.0,0.0,0.0,0.0,0.0,0.0,0.0,0.0,0.0,0.0,0.0,0.0,0.0,0.0,0.0,0.0,0.0,0.0,0.0,9.509981266999901,22.514195165771,36.820805480949,26.5893217798563,56.2612672855419,65.066178755853,57.6090033532786,48.3357471098098,36.601532207298,32.101539009478394,34.789552209697106,38.5149390373058,30.748084778109103,5.935238140571981,0.0,0.0,0.0,0.0,0.0,0.0,0.0,0.0,0.0,0.0,0.0,0.0,13.1737655202336,37.8298935517059,33.4740116103415,13.468628289266698,0.0,0.0,0.0,0.0,0.0,0.0,6.70098715303741,15.8688584628306,20.739596073062803,23.508120871487602,28.459707014092196,35.539175136748206,42.6186432594041,46.725033082291404,36.538050094038404,32.525283977095604,,,,,,,,,,,,,,,,,,,,,,,,,,,,,,,,,,,,,,,,,,,,,,,,,,,,,,,,,,,
33.483125512891995,67.87987679295321,103.657143476075,106.445248519554,144.945151784761,148.37254646571898,151.172551115924,165.739590386453,163.159062622999,171.679700123485,150.383468111518,115.41893219155399,113.75854935171301,98.7535663625424,66.2323020030259,31.119621703214,0.0,0.0,0.0,0.0,0.0,0.0,0.0,0.0,0.0,0.0,13.6955002161747,30.8573997330477,32.4530414230692,16.5069495973543,0.0,0.0,0.0,0.0,0.0,0.0,0.0,0.0,0.0,0.0,0.0,0.0,0.0,0.0,0.0,0.0,0.0,0.0,0.0,0.0,0.0,0.0,0.0,0.0,0.0,0.0,0.0,0.0,0.0,0.0,0.0,0.0,0.0,0.0,0.0,0.0,0.0,0.0,0.0,0.0,0.0,0.0,0.0,0.0,0.0,0.0,0.0,0.0,0.0,0.0,0.0,0.0,0.0,0.0,0.0,0.0,0.0,0.0,0.0,0.0,0.0,0.0,0.0,0.0,0.0,0.0,0.0,0.0,0.0,0.0,0.0,0.0,0.0,0.0,0.0,0.0,0.0,0.0,0.0,0.0,0.0,7.830137479278519,28.094456746430502,48.7408675963076,42.6249290222102,69.8617402991539,72.1907614503129,76.15445597143659,50.5674858548944,38.681247790739604,46.616202529773105,63.06072915653729,82.9905429363123,98.1721615556182,111.60876349348,120.97001323850701,141.11412456711,,,,,,,,,,,,,,,,,,
40.1724992326857,50.953405261129596,41.7964483053601,39.39573673161821,47.6756113877178,58.7989914802299,52.7627255550798,27.9135818815244,22.7491957045882,21.2996335165611,22.210543794002,23.6027614268033,24.3875532850734,24.2533836770652,13.9915614839126,0.0,0.0,0.0,0.0,0.0,0.0,0.0,0.0,0.0,0.0,0.0,0.0,0.0,0.0,0.0,0.0,0.0,0.0,0.0,0.0,0.0,0.0,0.0,0.0,0.0,0.0,0.0,0.0,0.0,0.0,0.0,0.0,0.0,0.0,0.0,0.0,0.0,0.0,0.0,0.0,5.7760729942242,20.6782242140999,30.4394233696523,37.94506232307629,,,,,,,,,,,,,,,,,,,,,,,,,,,,,,,,,,,,,,,,,,,,,,,,,,,,,,,,,,,,,,,,,,,,,,,,,,,,,,,,,,,,,,
32.1809571947572,38.4660441018373,34.91044410359989,34.4010609755007,31.0379701594559,30.2528418590132,21.8048105155868,4.09963680820849,0.0,0.0,0.0,0.0,0.0,0.0,0.0,0.0,0.0,0.0,0.0,0.0,0.0,0.0,0.0,0.0,0.0,0.0,0.0,0.0,0.0,0.0,0.0,0.0,0.0,0.0,4.39424243340437,21.2756921127142,23.874425955118397,21.323026705504397,20.7724900529939,20.221953400483397,11.588513605364199,0.0,0.0,0.0,0.0,0.0,0.0,0.0,0.0,0.0,0.0,0.0,0.0,0.0,0.0,0.0,0.0,0.0,0.0,0.0,0.0,0.0,0.0,0.0,0.0,0.0,0.0,0.0,10.422313928624801,31.823373917340604,43.1612042194039,50.174229267913596,50.3567525346464,43.71048278906879,46.60000273985029,46.12642149876229,51.720033586937106,53.7618326842582,44.809469362954594,30.0199884593007,,,,,,,,,,,,,,,,,,,,,,,,,,,,,,,,,,,,,,,,,,,,,,,,,,,,,,,,,,,,,,,,,
57.1424767083065,70.75575090679149,76.07872255827608,64.6293515850974,48.08976304519239,41.1694013681697,34.0633055901313,40.964966673181294,49.99370768990539,15.8872117884862,4.893362536785791,0.0,0.0,0.0,0.0,0.0,0.0,0.0,0.0,0.0,0.0,0.0,0.0,0.0,0.0,0.0,0.0,0.0,0.0,0.0,0.0,0.0,0.0,0.0,0.0,0.0,0.0,0.0,0.0,0.0,0.0,0.0,0.0,0.0,0.0,0.0,0.0,0.0,0.0,0.0,5.38122627132843,13.1195952828339,28.3942037428232,34.999239419251296,37.204717243946,47.99218524680921,55.5634061747692,38.0737737862849,43.62045255671289,37.649874938258,30.8170675034376,25.6345604544175,24.7714704224723,14.6666174778579,0.0,0.0,0.0,0.0,7.1618081308525,18.210573713201303,28.132888352937197,30.291604730329798,28.0565290070384,26.2800008917061,31.882602840453895,37.485204789201795,40.5451302872226,43.3649873589224,31.7295438066551,18.855796239889898,18.679814424791502,18.5038326096931,19.856630791387,39.540750353238,56.0103109800364,58.8347019039744,64.1144927391389,54.3442375575749,51.240063276431506,52.4593522445325,38.9690981157683,35.2193254067849,,,,,,,,,,,,,,,,,,,,,,,,,,,,,,,,,,,,,,,,,,,,,,,,,,,,,
19.842004280307698,6.761806306673031,0.0,0.0,0.0,0.0,0.0,7.0553422959736105,24.784561093825896,33.1654998049571,,,,,,,,,,,,,,,,,,,,,,,,,,,,,,,,,,,,,,,,,,,,,,,,,,,,,,,,,,,,,,,,,,,,,,,,,,,,,,,,,,,,,,,,,,,,,,,,,,,,,,,,,,,,,,,,,,,,,,,,,,,,,,,,,,,,,,,
47.23495940074061,57.1732121663947,64.9458287264853,64.5308582138111,64.5865202937391,54.9512000183157,46.873950940170296,24.2157068761967,17.493252652504,2.0166088589275604,0.0,0.0,0.0,0.0,0.0,0.0,0.0,0.0,0.0,0.0,0.0,0.0,0.0,0.0,0.0,0.0,0.0,0.0,0.0,0.0,0.0,0.0,0.0,12.015908190546698,28.4467965288955,33.3105093531439,26.775445257410997,23.2881222011934,20.4430321201135,17.5979420390337,14.752851957953801,20.825743257169602,26.0290627439118,11.1093723949282,0.0,0.0,0.0,0.0,0.0,0.0,0.0,0.0,0.0,0.0,0.0,0.0,0.0,0.0,0.0,0.0,0.0,0.0,0.0,0.0,0.0,0.0,4.94601751889184,11.088613969935802,17.4149086576831,24.709546960047103,30.122598727428798,29.7582132189905,29.393827710552102,20.419821085135396,3.0538113312999906,0.0,0.0,0.0,0.0,0.0,0.0,0.0,0.0,0.0,0.0,0.0,0.0,0.0,0.0,0.0,0.0,0.0,3.6785547984709597,10.854118345645,,,,,,,,,,,,,,,,,,,,,,,,,,,,,,,,,,,,,,,,,,,,,,,,,,,
9.50879299206821,1.7877980514461203,0.0,0.0,2.33525021674151,12.0614029319514,10.9934717793675,1.26731906415753,0.0,0.0,0.0,0.0,0.0,0.0,0.0,0.0,0.0,0.0,0.0,0.0,0.0,0.0,0.0,0.0,0.0,0.0,0.0,0.0,0.0,0.0,0.0,10.287198347168902,24.354200580904198,38.3865284024942,36.2280604984255,27.6818129620495,23.5705539654036,19.459294968757803,15.3480359721119,11.236776975466098,20.030390587729897,31.8167258303862,42.3664841440086,45.1776865822949,42.1787162682964,39.179745954298,17.7488176235272,0.0,0.0,0.0,0.0,0.0,0.0,0.0,0.0,0.0,0.0,0.0,0.0,0.0,0.0,0.0,0.0,0.0,0.0,0.0,15.8687463369714,44.147721550506894,59.55853340774,51.865252223809996,53.157924177083,36.0118595828138,28.3246295914675,,,,,,,,,,,,,,,,,,,,,,,,,,,,,,,,,,,,,,,,,,,,,,,,,,,,,,,,,,,,,,,,,,,,,,,,
15.417061606302,23.103726831594,25.8954683984319,22.837048285862604,22.6858598498837,18.775689806090398,27.007655128111,28.548506576854702,16.5722870636581,1.74449324596284,0.0,0.0,0.0,0.0,0.0,0.0,0.0,0.0,0.0,0.0,0.0,0.0,0.0,0.0,0.0,0.0,0.0,0.0,0.0,0.0,0.0,0.0,0.0,12.5957887482848,37.6391332240471,83.7239043748366,91.9447603627106,84.63382339332401,53.0085961628787,39.969555716700505,24.9227424312212,6.167623968817849,0.0,0.0,0.0,0.0,0.0,0.0,0.0,0.0,0.0,0.0,0.0,0.0,0.0,0.0,0.0,0.0,0.0,4.91472508462479,20.5641902335619,28.9178005166756,17.182974808754,19.3274033379587,18.1315861240389,15.2112031402959,,,,,,,,,,,,,,,,,,,,,,,,,,,,,,,,,,,,,,,,,,,,,,,,,,,,,,,,,,,,,,,,,,,,,,,,,,,,,,,
43.819314406828205,42.9193709898846,37.9730663429323,37.5546308895658,35.40862475211679,28.8502746341598,8.786103698129951,0.0,0.0,0.0,0.0,0.0,0.0,0.0,0.0,0.0,0.0,0.0,0.0,0.0,0.0,0.0,0.0,0.0,0.0,0.0,0.0,0.0,0.0,0.0,0.0,0.0,0.0,0.0,0.0,0.0,0.0,0.0,0.0,0.0,0.0,0.0,0.0,0.0,0.0,0.0,0.0,0.0,0.0,0.0,0.0,0.0,2.6371291906603,15.643881687964198,26.6142861577214,35.6985771375159,31.650302183555198,25.170657091369602,23.454333858786303,23.525496300319702,20.6772725537172,6.85324950989555,0.0,0.0,0.0,0.0,0.0,0.0,0.0,0.0,0.0,0.0,0.0,0.0,0.0,0.0,0.0,0.0,0.0,0.0,0.0,0.0,0.0,0.0,0.728595495039818,7.225200452665559,8.74679132747843,3.5772923475481897,0.0,0.0,0.0,0.0,0.0,0.0,0.0,0.0,0.0,0.0,0.0,0.0,0.0,0.0,0.0,0.0,0.0,0.0,5.829423687418999,15.351511433625,30.197307295207,42.0804544181897,43.30970442495111,50.529597055625,44.9821171802091,46.81593067385611,42.268018577451,46.471473844605896,42.006829133276796,44.5664809802911,40.2003215610925,34.662075897152,35.23800507918929,36.235508694987004,18.1853256394635,,,,,,,,,,,,,,,,,,,,,,
26.018216379320396,31.003293159861304,41.616805514761,37.758732444427,14.095190902535698,0.0,0.0,0.0,0.0,2.5530690387442,15.4996657968816,27.934107241251997,43.0212767309644,59.5891437344175,61.175842650067,44.169997504539005,48.6411906487873,30.7567103548321,11.446263341811399,0.0,0.0,10.2690837881877,,,,,,,,,,,,,,,,,,,,,,,,,,,,,,,,,,,,,,,,,,,,,,,,,,,,,,,,,,,,,,,,,,,,,,,,,,,,,,,,,,,,,,,,,,,,,,,,,,,,,,,,,,,,,,,,,,,,,,,,,,,
21.5525764356956,25.547644632618198,27.955944741184602,30.3642448497511,32.779535202417,35.200271258521,37.6210073146251,38.93334353965621,42.6158251892582,44.6835890070656,49.20379268842979,32.7026856448875,28.786132369435002,14.476841311424801,17.067378620462197,7.53085526104382,0.0,0.0,0.0,0.0,0.0,0.0,0.0,0.0,9.73030892216607,24.281382605005604,34.8429769715383,40.5931259012341,49.5831466964781,32.7625011921643,37.0404525051421,31.3399311335318,26.263105393017,21.186279652502197,,,,,,,,,,,,,,,,,,,,,,,,,,,,,,,,,,,,,,,,,,,,,,,,,,,,,,,,,,,,,,,,,,,,,,,,,,,,,,,,,,,,,,,,,,,,,,,,,,,,,,,,,,,,,,,
67.5574521371242,77.6344697969139,80.3211031915894,102.310072601182,91.51851749112859,81.8581462475408,65.47936962611689,64.59990973737571,21.0308052658294,0.0,0.0,0.0,0.0,0.0,0.0,11.693117233352801,17.7395228910621,5.38910376497648,0.0,0.0,0.0,0.0,0.0,0.0,0.0,0.0,0.0,0.0,0.0,0.0,0.0,0.0,0.0,0.0,0.0,0.0,0.0,0.0,0.0,0.0,0.0,0.0,0.0,0.0,0.0,0.0,0.0,0.0,0.0,0.0,0.0,0.0,0.0,0.0,0.0,0.0,0.0,0.0,0.0,0.0,0.0,0.0,0.0,0.0,0.0,0.0,0.0,0.0,0.0,0.0,0.0,0.0,0.0,0.0,0.0,0.0,0.0,0.0,0.0,0.0,0.0,0.922603522409514,9.14910321725193,18.587270893128604,24.931269670185,27.8999828880555,30.868696105926,33.55425858991,44.5639494425494,53.0376706267836,46.6906072590304,42.6171097399904,38.2675824916476,52.62582019588451,55.833562827517994,50.5913827352298,61.5766627767013,57.386482814408204,63.8888932357447,53.0555401655222,30.609072004121998,23.497272462979,31.1817773620879,57.5635554127641,57.3913162743835,57.7212782485326,49.5604527062418,54.5602308492599,50.61409061866839,65.20756698934571,59.6419677623552,52.83564404504661,47.98824707664289,35.9849295351545,31.108311010956697,30.7962528694812,31.395136642368804,26.6067524493337,38.445412896403106,29.0360993998967,37.4601356652693,,,,,,,,,,,,,,,,,,,,,,,,
44.966834708629506,40.2534627953014,35.0436348462954,17.8764235496629,0.0,0.0,0.0,0.0,0.0,0.0,0.0,0.0,0.0,0.0,0.0,0.0,0.0,0.0,0.0,0.0,0.0,0.0,0.0,0.0,0.0,0.0,0.0,0.0,0.0,0.0,0.0,0.0,0.0,0.0,0.0,0.0,8.884614122321631,22.1225138840096,22.7508487941332,23.213745701905196,23.6766426096772,24.3204343293255,26.592265554786803,34.485121219720995,47.3055308450912,35.703147930279606,76.44907692148129,64.7698035511239,54.982549591615495,35.863712035694704,5.0105342311647405,0.0,0.0,0.0,0.0,0.0,9.85177864056048,38.3291850260287,78.7902583974779,117.23918766408998,132.371503640257,100.016342809592,112.27677864601499,88.1072016257227,77.1120808283415,61.33902689847011,43.8230233359839,32.5702553131473,31.844545482457498,25.7138248362446,21.842642739205104,24.9320713032763,28.814743637885197,32.9472459283029,29.275407334734997,21.6700194268184,17.694960445442604,12.8537666259901,0.561154301325956,0.0,0.0,0.0,0.0,0.0,0.0,0.0,0.0,0.0,0.0,0.0,0.0,0.0,0.404173556519692,13.463023459186699,21.688831840101,20.9449189447413,20.201006049381498,19.4570931540217,,,,,,,,,,,,,,,,,,,,,,,,,,,,,,,,,,,,,,,,,,,,,,,
24.436959581005997,29.3048158532797,29.9356359357281,43.9491482661612,28.600488124703897,9.311023787860028,0.0,0.0,0.0,0.0,0.0,0.0,0.0,0.0,0.0,0.0,0.0,0.0,0.0,0.0,0.0,0.0,0.0,0.0,0.0,0.0,0.0,0.0,0.0,0.0,0.0,0.0,0.0,0.0,0.0,0.0,0.0,0.0,0.0,0.0,0.0,0.0,0.0,0.0,0.0,0.0,0.0,0.0,0.0,0.0,0.0,0.0,2.3381486521422903,9.78328041733614,20.7352371587907,38.4077111401957,37.037351388596896,29.8663197830969,23.1634235291844,15.9631756307177,5.65237523752222,0.0,0.0,0.0,0.0,0.0,0.0,0.0,0.0,0.0,0.0,5.3802796134376,12.8995252073276,5.19003058192082,0.0,0.0,0.0,0.0,0.0,0.0,0.0,0.0,7.15203610113724,30.3729187286263,51.518343748011894,63.904455704597105,84.9517655244515,73.9804349795704,73.11258345359659,56.9083918838854,41.114531155136,50.942931101251496,58.8243145054638,73.7152415376526,72.2339624050683,48.8597418954537,41.827289385949705,38.7597030121625,51.222714994460205,67.6033445390797,59.697100044921,50.5645058004065,44.510936202223505,38.3578673507759,41.1074093204535,53.2541037305901,55.3433208291967,60.8559863430958,79.75970259925309,68.3035395861934,59.571485468220395,66.4767743637284,80.6733080017734,71.9095859887135,63.790836057114,88.91727108667459,71.4379616714509,66.99115213166411,,,,,,,,,,,,,,,,,,,,,,,,,,,
9.61516281587423,0.0,0.0,0.0,0.0,0.0,0.0,0.0,0.0,0.0,2.10710924643687,25.0727935735121,32.649785771427105,,,,,,,,,,,,,,,,,,,,,,,,,,,,,,,,,,,,,,,,,,,,,,,,,,,,,,,,,,,,,,,,,,,,,,,,,,,,,,,,,,,,,,,,,,,,,,,,,,,,,,,,,,,,,,,,,,,,,,,,,,,,,,,,,,,,
